window_start,window_end,window_center,corn_mean,corn_std,corn_skew,corn_kurtosis,temp_mean,temp_std,temp_skew,temp_kurtosis,volatility,corr_price_temp,precip_mean,recommended_model,compatibility_score
2010-01-04,2010-05-12,2010-03-10,366.025,17.18884902775274,2.005192901755331,4.16910684201065,1.84,11.471264048761345,-0.1525939681579515,-1.1023937990545647,0.0166012037931227,-0.5604379015063167,2.233333333333334,KNeighborsTimeSeries,0.8562
2010-02-17,2010-06-24,2010-04-22,358.93333333333334,9.817563371926752,-0.1784139659962369,-0.5595052399813558,11.759444444444444,10.516343338631543,-0.8486559396377306,0.0451445727367341,0.0153062672250718,-0.5116551479922693,3.5166666666666666,KNeighborsTimeSeries,0.8679
2010-03-31,2010-08-06,2010-06-04,361.75555555555553,15.73137287030345,0.5739397743049944,0.4417113582552421,19.79277777777778,5.411066277977859,-0.5674247670251383,-0.8329536302307723,0.01973031877338,0.3011475234295023,4.84111111111111,KNeighborsTimeSeries,0.8246
2010-05-13,2010-09-20,2010-07-19,388.3638888888889,42.0779299939028,1.090921594410058,0.7326251804279176,22.544444444444444,3.5632285925122567,-0.6148671955114781,0.3037110962086276,0.0201610495784285,-0.0949602553954685,4.754444444444444,Random Forest,0.8165
2010-06-25,2010-11-01,2010-08-30,448.7472222222222,73.95843706802874,0.4099081945508548,-1.1164219675673723,20.38,5.480885067541146,-0.6865239953089846,-0.1291345034175766,0.0235997146928716,-0.7904114296901196,3.594444444444445,Random Forest,0.8151
2010-08-09,2010-12-14,2010-10-12,508.61944444444447,60.61655626102754,-0.4915885340088281,-1.126529561344707,12.86277777777778,10.19232901985306,-0.6612686101083276,-0.0828055369157048,0.0230703758556576,-0.6912288974367392,2.253333333333333,Random Forest,0.8134
2010-09-21,2011-01-27,2010-11-23,570.9166666666666,47.13493658838433,-0.0098826216142855,-0.6149385470054516,3.091666666666667,10.63410680443308,-0.025507436785596,-0.9949220164798094,0.0227464747146372,-0.6799720752509678,1.1966666666666668,KNeighborsTimeSeries,0.8164
2010-11-02,2011-03-11,2011-01-06,622.8694444444444,60.92286783737767,0.0024405824487213,-1.1870034132754366,-2.857222222222222,7.905916434491548,-0.0429870976424153,-0.1252693768978812,0.0200533855394155,-0.2134257340433599,1.1133333333333333,Random Forest,0.8171
2010-12-15,2011-04-25,2011-02-18,676.8277777777778,50.623398080418205,0.1190268864670988,-0.9018314510954748,-0.8411111111111111,8.744155601230277,-0.2040703261497687,-0.605962915492325,0.0210508969450008,0.5374018086294263,1.8822222222222225,Random Forest,0.8128
2011-01-28,2011-06-07,2011-04-04,712.3944444444444,36.9438911375686,-0.2013215170530637,-0.8720136687272491,7.066111111111111,10.483860865120302,-0.354011822043266,0.1861504105252325,0.0237115702356658,0.4629693143736916,2.745555555555556,KNeighborsTimeSeries,0.8133
2011-03-14,2011-07-20,2011-05-17,715.1944444444445,40.70984921025375,-0.2475823689044838,-0.8658285138349062,16.015555555555554,8.198676395108563,-0.0467132255316485,-1.089643810908718,0.0281137443499202,-0.0905036824843445,4.609999999999999,Random Forest,0.8169
2011-04-26,2011-08-31,2011-06-29,712.1583333333333,34.89537834406271,0.1232125460740103,-0.6301204545446555,21.83944444444445,5.8538160723786365,-0.7103814978566557,-0.1815524508197206,0.025490857945576,-0.3712418164221227,4.256666666666668,Random Forest,0.8128
2011-06-08,2011-10-13,2011-08-11,690.95,44.67814361467957,-0.2442469478075246,-0.0673284420297437,22.19333333333333,4.966161902812253,-0.2708507511699741,-0.4592664705358023,0.0253222162286477,0.1628511372597964,3.281111111111111,Random Forest,0.8167
2011-07-21,2011-11-25,2011-09-23,670.1138888888889,45.56610460859035,0.0825464731582872,-0.7726316457472424,17.023333333333333,8.025203277204225,-0.1510466952105529,-1.092935070527284,0.0192867559666071,0.5559074425921562,1.5155555555555555,KNeighborsTimeSeries,0.8143
2011-09-01,2012-01-10,2011-11-04,638.5138888888889,42.56352425570711,0.7282384635748257,0.1335558531991565,8.902777777777779,8.158769876955631,0.2661269163844955,-0.5560444961319853,0.0177205946518936,0.5523437769355668,1.0488888888888888,KNeighborsTimeSeries,0.8171
2011-10-14,2012-02-23,2011-12-19,626.6,24.54409583686957,-0.6141523725527785,-1.039711805837995,2.4744444444444444,6.060821153826984,-0.1526832828337714,-0.0939536646871643,0.0142964230855568,0.4221199449828624,1.312222222222222,KNeighborsTimeSeries,0.8305
2011-11-28,2012-04-05,2012-02-02,631.1555555555556,26.006632088935284,-0.5520019108964109,-0.7661008935719802,3.528888888888889,7.874621366955294,0.4150262970059087,-0.4653905084587979,0.015335243191811,0.5166856910488168,1.9355555555555557,KNeighborsTimeSeries,0.8363
2012-01-11,2012-05-18,2012-03-16,638.0,19.18705966079655,-0.2810685878290845,-0.5195869814555323,8.323333333333334,9.204951647426546,-0.3591967334792924,-0.8851168168953625,0.0180005460462865,0.2270367605304338,2.3144444444444443,KNeighborsTimeSeries,0.8182
2012-02-24,2012-07-02,2012-04-30,628.0611111111111,32.17600628999865,-0.4895128027577691,-0.5833828306066091,16.239444444444445,7.285696678587747,-0.4394247588234571,0.076206269665247,0.0217705701803487,-0.2459813920174085,2.56,Random Forest,0.8134
2012-04-09,2012-08-14,2012-06-12,673.4638888888888,86.39595256456218,0.5035601877049493,-1.3054648746909068,21.70611111111111,6.76148555820448,-0.348213485597195,-0.6089129918810707,0.0237552035511599,0.5774747554035607,1.4877777777777774,Random Forest,0.8173
2012-05-21,2012-09-26,2012-07-25,724.1166666666667,92.36777825992222,-0.6742718285146768,-1.21523776857085,23.910555555555558,5.078144923854125,-0.2588998373089224,-0.6257518970711584,0.0225795112443624,0.3557850291009654,1.2344444444444445,Random Forest,0.8176
2012-07-03,2012-11-09,2012-09-06,773.1222222222223,28.72130332469548,0.1249943955398079,-1.1159332564680318,20.45555555555556,7.858450845293246,-0.3687027376586754,-0.8894145331574093,0.0190518236922077,0.6381237269985847,0.9733333333333332,KNeighborsTimeSeries,0.8391
2012-08-15,2012-12-24,2012-10-18,754.2972222222222,29.953332017303627,0.6080154911345659,-0.1204893901759471,12.14222222222222,9.47112379907887,-0.1735425684489642,-0.5838356222444099,0.0146521272803128,0.7817562048996822,1.163333333333333,KNeighborsTimeSeries,0.8647
2012-09-27,2013-02-07,2012-12-04,730.9777777777778,21.406238079450283,-0.5077794899044777,-0.5053420019289332,3.563888888888889,8.755470289340009,-0.0968196923604367,-0.5564490983404706,0.0129962606145976,0.5940153270318024,1.0622222222222224,KNeighborsTimeSeries,0.8597
2012-11-12,2013-03-22,2013-01-17,719.7972222222222,19.275278690637595,-0.0673492142926072,-0.8577000429973651,-1.3066666666666666,6.106780170019535,0.0747285348444105,-0.0024005612233817,0.0101292258113142,0.3222086461723546,1.0755555555555556,KNeighborsTimeSeries,0.8346
2012-12-26,2013-05-06,2013-03-04,697.4138888888889,32.87553479530642,-0.5974626384795315,-0.8384723145966242,-0.0044444444444445,7.115845763073087,0.4949137089549701,0.6781799530454387,0.0162480258285793,-0.5379652628922769,2.96,KNeighborsTimeSeries,0.8271
2013-02-08,2013-06-18,2013-04-16,680.8388888888888,32.74180382710586,0.2821740104397524,-1.2429932824446224,7.562777777777778,9.86928204847291,0.1573894215956157,-1.327554181219369,0.0198351093915952,-0.5928206802183091,3.647777777777778,KNeighborsTimeSeries,0.8273
2013-03-25,2013-07-31,2013-05-29,646.0611111111111,57.82353180334314,-1.4134847407225193,1.382535412212487,16.441666666666663,8.515901352334739,-0.6057277956647131,-0.822742288148532,0.0324602005952108,-0.3124803087980331,4.165555555555555,Random Forest,0.8172
2013-05-07,2013-09-12,2013-07-11,586.0055555555556,90.63909307527362,-0.0971289658647849,-1.7787170594413644,22.52055555555556,4.2941290888503065,-0.2315430783094006,-0.4500920671432324,0.0317951551881342,-0.4119343748576421,2.3122222222222217,Random Forest,0.8176
2013-06-19,2013-10-24,2013-08-22,513.2305555555556,85.62345896077191,1.273985453544708,0.1277186205328218,21.63,5.923860531402272,-1.114139097604136,1.2722197549401375,0.0303855179934704,0.37443872005502,2.4766666666666666,Random Forest,0.8176
2013-08-01,2013-12-06,2013-10-04,451.34722222222223,26.47769610584837,0.5278303959927116,-0.8530559220056451,14.605555555555556,10.560203129548611,-0.4698477223093459,-0.6983715604141238,0.0158719141123686,0.8310863581309169,2.1644444444444444,KNeighborsTimeSeries,0.865
2013-09-13,2014-01-22,2013-11-15,432.27777777777777,11.5028968288723,0.5796956626763654,-0.4638150738809052,3.3044444444444454,12.17177302929422,-0.1004006664870472,-0.8872162147689746,0.0113166948100034,0.6780945982596892,1.9411111111111103,KNeighborsTimeSeries,0.8469
2013-10-25,2014-03-06,2013-12-31,432.7416666666667,14.036541897026,1.4964640195303252,2.509177504285115,-5.281666666666667,8.947265761490579,0.0040174144644743,-0.8907703548641459,0.0112583072498481,-0.1860886964370249,1.0955555555555556,KNeighborsTimeSeries,0.8276
2013-12-09,2014-04-17,2014-02-13,455.06944444444446,29.183986965346392,0.4255930279750129,-1.3536003802816292,-4.459999999999999,9.367542577036106,-0.0895424448354996,-0.9804349982629286,0.0120603977935074,0.6997322931318147,0.952222222222222,KNeighborsTimeSeries,0.8601
2014-01-23,2014-06-02,2014-03-28,476.90277777777777,25.224071525669384,-0.4132277884986532,-1.0416987806308813,3.591666666666667,11.73763573709072,-0.3503084674131296,-0.6334512027949333,0.0119797734473289,0.6520947320956199,2.071111111111111,KNeighborsTimeSeries,0.862
2014-03-07,2014-07-15,2014-05-12,471.80555555555554,32.995270723807195,-0.8840469257541451,0.0327250419832942,13.891666666666667,7.862002382387972,-0.2642480001806525,-1.1450076219282408,0.0135951976711932,-0.6039977764553234,2.8877777777777776,KNeighborsTimeSeries,0.8372
2014-04-21,2014-08-26,2014-06-24,428.65277777777777,55.88042378024861,-0.0103788392806989,-1.474473819828248,19.584444444444447,5.144265075891425,-0.902006581876137,0.4448012141303854,0.0132549406838488,-0.6028796547082909,2.79,KNeighborsTimeSeries,0.8137
2014-06-03,2014-10-08,2014-08-06,376.8888888888889,43.089795696122565,0.650069444182644,-0.9920700218387934,20.54222222222222,3.959024047759319,-0.4344439611327777,0.2957064249550454,0.0146115942411901,0.2716217021145321,2.9922222222222223,Random Forest,0.8139
2014-07-16,2014-11-19,2014-09-18,354.0305555555556,16.106641965916648,-0.3695347204621156,-0.6701438682245673,15.898888888888887,8.415251596103223,-1.1759602916665195,1.2523140118547378,0.015968521474017,-0.2936793557006203,2.5955555555555554,KNeighborsTimeSeries,0.8281
2014-08-27,2015-01-05,2014-10-30,363.9555555555556,26.400799532969167,0.2515334918018508,-0.8424633775249091,7.5572222222222205,10.34845849974038,-0.2242882421742196,-0.9752003681573148,0.0166538176982062,-0.7554205299570623,2.697777777777778,KNeighborsTimeSeries,0.8643
2014-10-09,2015-02-18,2014-12-12,380.34722222222223,17.90948270746363,-0.0920681802352768,-0.2732074194941458,-0.6672222222222222,9.198437095846348,-0.025953763698161,-0.7095627833608531,0.0161659267114381,-0.5656717196126181,1.3033333333333332,KNeighborsTimeSeries,0.8564
2014-11-20,2015-04-01,2015-01-28,386.7527777777778,11.974193602158458,0.7029034644232776,-0.2604867972132081,-2.6161111111111115,8.40688865404129,0.0044443321697842,-0.3350198344967565,0.0145616186887881,-0.1256476461232656,0.7755555555555557,KNeighborsTimeSeries,0.8216
2015-01-06,2015-05-14,2015-03-12,379.1444444444445,10.99738080268892,-0.2999788651067679,-0.2978611716595059,2.645,11.064715276829467,-0.3651403243690815,-0.984041848372819,0.0131993418726201,-0.5942190697152973,1.7055555555555553,KNeighborsTimeSeries,0.86
2015-02-19,2015-06-26,2015-04-24,370.59722222222223,12.154303720856513,0.1144018529948464,-1.105315168435555,11.458333333333334,9.936625730039166,-1.0037124530553696,0.5969724964598626,0.0128519063458175,-0.6221206254956522,3.765555555555556,KNeighborsTimeSeries,0.8579
2015-04-02,2015-08-10,2015-06-08,376.15,22.519679284043537,1.1431227802491992,0.1441621851818464,18.677222222222227,5.485953263425544,-0.3647835156919168,-0.8785798502461493,0.0166877581648352,0.2919772986416009,4.771111111111111,KNeighborsTimeSeries,0.8201
2015-05-15,2015-09-22,2015-07-21,375.56666666666666,22.93529613911196,1.1203286207439294,0.0855844108185164,21.49333333333333,3.7677758467643314,-0.8621738994608588,1.3152003586655452,0.0188661535505833,0.1867704106929149,5.096666666666668,KNeighborsTimeSeries,0.8135
2015-06-29,2015-11-03,2015-09-01,383.25555555555553,20.03714870782705,0.7725594362536152,-0.0167048934437499,19.98111111111111,4.992880199258222,-0.7367703567401145,0.0782700938942104,0.0181253938971995,0.0321613623865651,3.55,Random Forest,0.8129
2015-08-11,2015-12-16,2015-10-14,372.7916666666667,11.063418437720316,0.0604465249042785,-0.6817623899561993,14.40611111111111,7.565592678157162,-0.307031198039372,-0.9508649671821484,0.0134811561977167,0.0213593329223545,3.53,KNeighborsTimeSeries,0.8174
2015-09-23,2016-02-01,2015-11-25,371.5777777777778,10.833173435869815,0.2601882333338978,-0.5616913503839993,6.130555555555556,8.797336466304634,-0.0415095858723834,-0.8854340262928804,0.0108000489319867,0.7022848153968545,2.643333333333333,KNeighborsTimeSeries,0.8424
2015-11-04,2016-03-15,2016-01-11,364.3083333333333,6.918673843505632,0.1648377428181407,-0.4942871914942133,1.7288888888888891,7.238590315993612,0.0532352369202835,-0.5333193851383036,0.0098404407623789,0.2343257950849493,2.6811111111111114,KNeighborsTimeSeries,0.8466
2015-12-17,2016-04-27,2016-02-24,364.93888888888887,8.62029151002753,0.6486160188958661,0.5485805664290706,3.006111111111111,8.232952518903947,0.0246392219919819,-0.8402333019857311,0.0110174539557092,0.4155822195973395,2.58,KNeighborsTimeSeries,0.8659
2016-02-02,2016-06-09,2016-04-07,376.1666666666667,19.74567937379173,1.1014134731985297,0.4749246997362313,9.727222222222222,8.667063319214641,-0.6150848219906538,-0.0506357376729083,0.0135193706615955,0.6711269088546621,2.687777777777778,KNeighborsTimeSeries,0.8683
2016-03-16,2016-07-22,2016-05-19,380.7861111111111,26.237719468522105,0.3685475377476487,-0.529378925190537,17.483888888888888,7.367026551617328,-0.2099502360643067,-1.0289849762223895,0.0195261128419287,0.176647149644874,3.243333333333333,Random Forest,0.8122
2016-04-28,2016-09-02,2016-07-01,365.60277777777776,38.50984651636653,0.2427470905943212,-1.236423559125832,22.07277777777778,4.887620001176965,-0.8196227698671325,-0.0338974289591416,0.0187555957836883,-0.2890471948078136,3.393333333333333,Random Forest,0.8135
2016-06-10,2016-10-18,2016-08-15,345.3888888888889,30.722231252524335,1.6108612028793583,1.9935592677580871,22.892222222222223,4.37930469515239,-1.1269975486305948,1.3846350609728129,0.01873750223276,0.1519645396845568,3.914444444444444,Random Forest,0.8139
2016-07-25,2016-12-01,2016-09-27,335.975,12.780562071127097,-0.3152642504550681,-0.4731047066401816,17.996111111111112,7.023460796541069,-0.5180075849544037,-0.7239848472884081,0.0144409649982921,-0.5744223263750577,3.1855555555555557,KNeighborsTimeSeries,0.8692
2016-09-06,2017-01-17,2016-11-09,345.72777777777776,10.466482381068078,-0.7288041401092632,-0.0423295966095951,8.69,10.906861050619838,-0.2330925822013208,-0.9465590581022938,0.0141918605573073,-0.630883794067805,2.118888888888889,KNeighborsTimeSeries,0.8561
2016-10-19,2017-03-01,2016-12-23,356.15833333333336,10.42377697403846,0.0332461147121571,-0.5982028684238503,2.8822222222222225,7.868484681691735,-0.0147368592140277,-0.7594253623806009,0.0124996703110045,-0.2463257614922768,1.2455555555555555,KNeighborsTimeSeries,0.8369
2016-12-02,2017-04-12,2017-02-08,361.3888888888889,8.090265956440652,-0.239957841863438,-0.2362512052552108,1.462222222222222,6.846373234561227,-0.093653157375257,-0.6885968106004126,0.0110836347582331,0.2993100781740669,1.751111111111111,KNeighborsTimeSeries,0.8504
2017-01-18,2017-05-25,2017-03-23,365.025,5.681387164448446,0.1215334646575325,-0.7334984580468267,7.667222222222222,7.453587331437514,-0.0491450280813764,-0.4535922294405097,0.0115308754224832,-0.0285368298342526,2.7144444444444447,KNeighborsTimeSeries,0.8246
2017-03-02,2017-07-10,2017-05-05,367.0583333333333,8.55287996045645,0.6939912468999927,-0.1358545697000668,14.679444444444446,8.405472048733934,-0.246078343249989,-0.4887735483728068,0.0125550557744978,0.5547170803279767,3.031111111111111,KNeighborsTimeSeries,0.8591
2017-04-13,2017-08-21,2017-06-19,368.8722222222222,9.674567351215686,0.3089514034553223,-0.3765337914085416,20.819444444444443,5.948792222071072,-0.5626772152570497,-0.301466017464659,0.0153339802070919,0.4256529613569677,3.205555555555556,KNeighborsTimeSeries,0.8558
2017-05-26,2017-10-03,2017-08-01,362.6361111111111,15.324768868938676,-0.0657799450958873,-0.9717721343997034,23.063888888888894,3.6897065120167727,0.0041990953131027,-0.5053172668710006,0.0152388688941153,0.4264991559281235,2.692222222222222,KNeighborsTimeSeries,0.8447
2017-07-11,2017-11-14,2017-09-13,354.0111111111111,12.76312450249418,0.9662093366436894,0.5088825888647319,18.39388888888889,8.147432999534125,-0.9162550822029172,-0.0123540521588632,0.0136470781653471,0.4791052456159864,2.408888888888889,KNeighborsTimeSeries,0.8604
2017-08-22,2017-12-28,2017-10-25,345.5833333333333,5.783548927972097,-0.432708573818367,-0.6882268170857384,10.62722222222222,10.09514612788348,-0.2930479099222483,-0.6556074882995779,0.0102232170489396,0.0762741306763524,1.4144444444444444,KNeighborsTimeSeries,0.8302
2017-10-04,2018-02-12,2017-12-07,348.84444444444443,7.257558804463778,0.2992514977865779,-0.0391253200932206,1.2166666666666663,9.70235984268023,-0.265926341703931,-0.564229495032758,0.0080540624954413,-0.376950880624132,1.0788888888888892,KNeighborsTimeSeries,0.8697
2017-11-15,2018-03-27,2018-01-23,357.9138888888889,14.686812910589612,0.2933077880761745,-1.044722635995038,-1.3044444444444447,7.640429294237968,-0.6511778296654482,-0.384842849286569,0.0077506865163343,0.0152901729204926,1.2155555555555555,KNeighborsTimeSeries,0.8187
2017-12-29,2018-05-09,2018-03-07,372.8,14.814214628395924,-0.1597223260325179,-1.1276785550168753,1.2411111111111113,9.494287394722315,-0.0648969224118645,-0.2446839573240389,0.0085820251649986,0.6853355343256274,2.8833333333333333,KNeighborsTimeSeries,0.8471
2018-02-13,2018-06-21,2018-04-19,382.5472222222222,12.49184534255936,-0.1638064974372145,-0.4110775199838135,11.104444444444445,10.372209640860405,0.040741428997273,-1.398007741431611,0.011648599228025,0.2564024103707747,3.6666666666666665,KNeighborsTimeSeries,0.836
2018-03-28,2018-08-03,2018-06-01,374.5944444444444,20.645400288167743,-0.3552568447525656,-1.0443469407132555,18.726666666666667,8.597968795926764,-1.1496315355719668,0.2789663485906728,0.0145937282053333,-0.4368956078607534,3.2988888888888885,KNeighborsTimeSeries,0.8376
2018-05-10,2018-09-17,2018-07-16,363.4472222222222,20.053212022565678,0.6906360400008521,-0.4559173901203825,23.321666666666665,2.953944705955529,-0.0921912198909695,-0.129140098423099,0.0155259889813498,-0.3133357574395413,3.488888888888889,KNeighborsTimeSeries,0.8254
2018-06-22,2018-10-29,2018-08-27,356.84444444444443,11.312813269470713,-0.3309207717445197,-0.7945456277340752,20.22111111111111,6.389325621505603,-0.955682833615248,-0.0098961857781785,0.0146029380359626,-0.6077643521883311,3.921111111111111,KNeighborsTimeSeries,0.8617
2018-08-06,2018-12-12,2018-10-09,362.23333333333335,9.943435528647004,-0.7861447683406486,-0.0863376030689706,12.139444444444448,10.52427235853644,-0.2502767865272298,-1.297434147300761,0.011739596546339,-0.5614844642491842,3.815555555555555,KNeighborsTimeSeries,0.8594
2018-09-18,2019-01-30,2018-11-20,370.1444444444445,8.169893499933135,-0.7700343261391608,0.597011567780509,3.3361111111111112,9.678065167210542,0.0573825253918786,0.3738872255978842,0.0093647608631962,-0.5822082849052472,2.5244444444444443,KNeighborsTimeSeries,0.8488
2018-10-30,2019-03-14,2019-01-09,371.56666666666666,7.709599298816677,-0.650683467278929,-0.597466915440402,-3.8566666666666665,7.455697617680865,-0.3779672408646322,0.3947593291885609,0.0082664811864682,-0.1537523483805342,1.6622222222222225,KNeighborsTimeSeries,0.8382
2018-12-13,2019-04-26,2019-02-22,370.26666666666665,9.437092129738298,-0.6669110289415734,-0.7118142610146556,-0.8711111111111112,9.75088004607322,-0.248819337582696,-0.5883709096011409,0.0101297790315764,-0.4492773553175541,1.9244444444444444,KNeighborsTimeSeries,0.8707
2019-01-31,2019-06-10,2019-04-05,372.8944444444445,20.94280526540128,1.31394178706457,1.1381585855250478,5.657777777777777,11.594794723028242,-0.5320775934208822,-0.7156186011429959,0.014353431855824,0.2959069016882198,3.3766666666666665,KNeighborsTimeSeries,0.8243
2019-03-15,2019-07-23,2019-05-20,395.375,36.1728304909961,0.1597938116444807,-1.5787826173931976,16.255,7.3471122891081535,0.004816399948519,-0.9398060729136728,0.0173822510884284,0.7557898577381981,3.8055555555555554,KNeighborsTimeSeries,0.8428
2019-04-29,2019-09-04,2019-07-02,401.47222222222223,34.2675249276799,-0.2196014688896923,-1.3870678457187744,20.793888888888887,5.090743018646456,-0.5960568451645206,-0.0492145278772673,0.019810577159225,0.4591485369483106,4.107777777777778,KNeighborsTimeSeries,0.8171
2019-06-11,2019-10-16,2019-08-14,397.725,33.51967915194652,0.0695432665070532,-1.299817901020869,21.83333333333333,5.076748052298524,-1.1401004462877455,1.5457446614807535,0.0192793270752105,0.0830666596819169,4.046666666666667,Random Forest,0.8155
2019-07-24,2019-11-27,2019-09-26,378.5777777777778,18.574389023343727,0.2186555147397584,-0.4102507855807706,14.829444444444444,10.247712527556612,-0.6170720017491103,-0.7763998029605839,0.0163623236789801,-0.0751898234002638,3.5800000000000005,KNeighborsTimeSeries,0.8132
2019-09-05,2020-01-13,2019-11-07,377.9,12.954642133574698,-0.8298117877402864,0.2490221665649632,7.247777777777778,10.203502128210662,0.5646544690174247,-0.6723949050064686,0.0143484572856609,-0.2892102380421353,2.93,KNeighborsTimeSeries,0.8345
2019-10-17,2020-02-26,2019-12-20,380.25555555555553,8.545316886992904,-0.5460362450211287,-0.7284875805731668,-0.7961111111111109,5.877323722989825,-0.2838070017427906,0.367599406482717,0.0117201200723521,0.0792742720361536,1.29,KNeighborsTimeSeries,0.825
2019-11-29,2020-04-08,2020-02-05,372.06944444444446,17.871067092194938,-1.0758591754529412,-0.0426869801168336,0.7033333333333333,6.753495973580538,-0.0386844371011417,0.2259687546504047,0.0141968675328734,-0.5820053354959909,1.6344444444444444,KNeighborsTimeSeries,0.863
2020-01-14,2020-05-21,2020-03-19,351.14166666666665,29.206405379103728,-0.0999908977518414,-1.6170490134485134,4.437777777777778,8.526074715976982,-0.3399602514281643,-0.5346939040599148,0.0139941171268557,-0.7703137322589256,2.2544444444444443,KNeighborsTimeSeries,0.8661
2020-02-27,2020-07-06,2020-05-01,333.4138888888889,20.06531333703409,1.1182746949319864,0.5196941455669792,13.762777777777776,8.039514635103288,-0.0305775807664714,-1.141260927154402,0.0145226160911075,-0.4078070208649617,3.3855555555555554,KNeighborsTimeSeries,0.8355
2020-04-09,2020-08-17,2020-06-15,323.4527777777778,10.11957265027628,0.5037389600678392,0.2625849911056068,19.45277777777778,7.027247775507636,-1.079227872387559,0.428472325912121,0.0139441461351052,0.3838913978205779,3.125555555555556,KNeighborsTimeSeries,0.852
2020-05-22,2020-09-29,2020-07-28,335.3666666666667,17.40105253177184,0.7097146215882598,-0.3574610489507699,22.51888888888889,4.125547820468971,-0.8667192639000884,0.7904134216179934,0.0137951743700691,-0.3613726735431718,3.221111111111111,KNeighborsTimeSeries,0.8359
2020-07-07,2020-11-10,2020-09-09,359.25,34.02888313830546,0.2312671799184092,-1.2476297342495313,18.362777777777776,7.765946121596877,-0.7719190349712332,-0.2218155197837772,0.0140798625095543,-0.7767153703119203,2.647777777777778,KNeighborsTimeSeries,0.8564
2020-08-18,2020-12-23,2020-10-21,392.23333333333335,32.17053837482119,-0.4839607742252754,-0.905508044840862,10.783333333333331,9.76688109337545,-0.0527745581175675,-0.7483144205886592,0.0124814451306943,-0.8188081789276501,2.344444444444445,KNeighborsTimeSeries,0.87
2020-09-30,2021-02-08,2020-12-03,446.06388888888887,53.23153476742316,0.8063420464811792,-0.7640253973944988,2.3105555555555557,8.668833800643029,0.1865679613229509,-0.3244717436484019,0.014220604542696,-0.6786038127224109,2.027777777777778,KNeighborsTimeSeries,0.8181
2020-11-11,2021-03-23,2021-01-19,496.61944444444447,57.22275893503675,-0.3361461490491071,-1.6150814193869771,-1.5266666666666668,8.34891232907926,-0.52349904874678,0.1804152290146135,0.015350160833199,-0.1725959034292596,1.4955555555555555,Random Forest,0.8168
2020-12-24,2021-05-05,2021-03-03,560.625,60.44089240505224,1.4401927261300158,2.43829719497726,1.5533333333333337,10.43102761374217,-0.3060617277527047,-0.2928541224865513,0.0185313170702731,0.5360482382173075,1.6122222222222224,Random Forest,0.8148
2021-02-09,2021-06-17,2021-04-15,616.8611111111111,70.81261979581794,0.5713758859582468,-1.0156091166245895,9.846666666666666,11.86720483356539,-0.8484762123816462,0.7199734049020519,0.0234560693363957,0.5697429327919624,1.9577777777777776,Random Forest,0.8165
2021-03-24,2021-07-30,2021-05-27,640.9722222222222,64.4704601423109,0.0107613385158333,-1.0140734596521213,18.37944444444444,7.780080783080656,-0.5257382556330149,-0.8117461125060728,0.0323197843723752,0.0807473079446611,2.594444444444445,Random Forest,0.8176
2021-05-06,2021-09-13,2021-07-12,615.5055555555556,73.41175029345483,0.1533406247113815,-1.112057077505415,22.99944444444445,4.8467729009165135,-0.9922106611491422,0.7718921469399049,0.0305255301992005,-0.4543817069685951,2.6866666666666665,Random Forest,0.8173
2021-06-18,2021-10-25,2021-08-23,564.4638888888888,56.383612363288535,1.310452691027063,0.5724716202440776,22.421111111111117,4.871898193721572,-1.0024148228293,1.2955571812848683,0.0268076895586337,0.2449054869101697,2.415555555555556,Random Forest,0.8171
2021-08-02,2021-12-07,2021-10-05,546.6888888888889,23.62812642386447,-0.2554015070663577,-0.6834466047764667,16.27666666666667,8.769277960873186,-0.3971767636704166,-0.9218653301513382,0.0143663329964183,-0.5493253927888626,2.18,KNeighborsTimeSeries,0.8462
2021-09-14,2022-01-20,2021-11-16,566.1833333333333,29.61228392999368,-0.2295405736875701,-1.2399469517429362,7.282222222222222,10.299679036973393,-0.2961312653836889,-0.2608951087513622,0.0130989392052647,-0.8472828837988986,1.8377777777777775,KNeighborsTimeSeries,0.8634
2021-10-26,2022-03-04,2021-12-30,608.5888888888888,44.15451532369777,1.4801868216533232,2.310243114179356,-0.304444444444444,8.404578889932774,-0.5663692829638408,-0.3520578475392675,0.0158131584183441,-0.2766202756068956,1.2477777777777777,Random Forest,0.8144
2021-12-08,2022-04-18,2022-02-11,670.0888888888888,70.53928811159697,0.3237426297140496,-1.534773708153663,-0.7733333333333334,8.302237413337185,-0.4271598101244099,-0.239650765643312,0.0187003330702511,0.4589036965697504,1.3788888888888888,Random Forest,0.8167
2022-01-21,2022-05-31,2022-03-28,735.6638888888889,64.37985457981287,-0.6530445282407676,-0.9759236880068562,5.132777777777777,10.628951772999963,-0.2308446508891812,-0.3619774037363781,0.0194963454395102,0.7519941410494558,2.707777777777778,Random Forest,0.8121
2022-03-07,2022-07-14,2022-05-10,768.1138888888889,26.31918814253011,0.0718451860374408,-0.5470971785554419,14.53555555555556,9.358287333840613,-0.3048917786599477,-0.9122119633287182,0.0199617120616546,0.0132264290469534,4.771111111111112,Random Forest,0.8152
2022-04-19,2022-08-25,2022-06-23,720.6194444444444,80.93267964499476,-0.5652504413575886,-1.3075262038389686,21.046666666666663,6.028140004189714,-1.026223827881457,0.6668526802615529,0.0234745048642948,-0.5033084384318909,4.2700000000000005,Random Forest,0.8172
2022-06-01,2022-10-07,2022-08-05,682.7611111111111,61.29484039807688,0.0084854035308754,-1.1236093431924934,22.46388888888889,4.296837272845384,-0.7428986936612942,0.5621940391727049,0.0237387042080283,-0.06532670511623,2.8977777777777787,Random Forest,0.8174
2022-07-15,2022-11-18,2022-09-19,657.6888888888889,36.06587899892424,-0.8148865399691,-0.5301483793529207,17.41944444444444,8.635820665362074,-1.0163802208638728,0.3920933894367384,0.014830489004076,-0.4541849721851094,1.5488888888888892,KNeighborsTimeSeries,0.8194
2022-08-26,2023-01-04,2022-10-31,671.5833333333334,18.3749952228076,-0.4573714030688018,0.14918882128649,8.881666666666668,10.762796016365249,-0.3180792313910191,-0.494127415425214,0.012200371601658,0.532239899834799,1.7566666666666668,KNeighborsTimeSeries,0.8591
2022-10-10,2023-02-16,2022-12-13,669.275,16.861799872606134,-0.7105181692099493,-0.041713852379094,1.3050000000000002,8.607124204904428,-0.0901281316684711,0.2113284407479705,0.0094620585988164,0.2570159506555675,1.96,KNeighborsTimeSeries,0.8327
2022-11-21,2023-03-31,2023-01-27,657.0055555555556,19.218143704340932,-0.1885021211888779,-1.271561908318771,-0.9200000000000002,6.441908957074444,-0.9893889695191448,1.0885038635882929,0.0102740564055636,-0.3452712712497029,1.8833333333333333,KNeighborsTimeSeries,0.837
2023-01-05,2023-05-15,2023-03-13,655.1333333333333,19.689663917104816,-0.2743472951717221,-0.435706416832168,4.113888888888889,9.12313403355761,-0.0324565357599889,-0.2630116649331353,0.0124920971026175,-0.4035567392519327,1.9233333333333331,KNeighborsTimeSeries,0.839
2023-02-17,2023-06-28,2023-04-25,632.1833333333333,28.430498736866475,-0.7596396491113154,0.2041956839789174,12.424444444444443,9.485228742346264,-0.4162537050309635,-0.8794588428672192,0.0173043558293697,-0.4164275623997558,1.5433333333333334,KNeighborsTimeSeries,0.8218
2023-04-03,2023-08-10,2023-06-07,595.6916666666667,55.66227983174437,-0.5421818485970015,-0.7191109663548185,19.866111111111117,5.856485062807416,-0.9281682323331394,0.1684739270534767,0.0292337431755502,-0.5455686454580939,2.278888888888889,Random Forest,0.8157
2023-05-16,2023-09-22,2023-07-21,536.3638888888889,61.25093625873637,0.2808015035423781,-1.2968522990855356,22.81277777777778,3.4583440954663103,0.3040672113801905,-0.048318808234975,0.0287321890056964,-0.006952280672521,1.9066666666666665,Random Forest,0.8175
2023-06-29,2023-11-03,2023-09-01,496.6222222222222,34.27569659436135,1.386347707913729,0.7856701459783255,20.377222222222223,6.474774565990657,-1.122186954573678,1.7465565659241813,0.0266176375123884,0.2605006101925294,2.881111111111111,Random Forest,0.8148
2023-08-11,2023-12-18,2023-10-16,474.5083333333333,10.953518366567955,0.2843796689520771,-0.1739921258902192,13.913333333333334,9.249351024911016,-0.2271891231315334,-0.8604917069525149,0.0140841703020643,0.3095262854856752,1.478888888888889,KNeighborsTimeSeries,0.8405
